{
  "description": "项目配置文件",
  "packOptions": {
    "ignore": [],
    "include": []
  },
  "setting": {
    "urlCheck": false,
    "es6": true,
    "enhance": true,
    "postcss": true,
    "minified": true,
    "newFeature": true,
    "coverView": true,
    "nodeModules": true,
    "autoAudits": false,
    "showShadowRootInWxmlPanel": false,
    "checkInvalidKey": true,
    "checkSiteMap": false,
    "uploadWithSourceMap": true,
    "babelSetting": {
      "ignore": [],
      "disablePlugins": [],
      "outputPath": ""
    },
    "useCompilerModule": false,
    "userConfirmedUseCompilerModuleSwitch": false
  },
  "compileType": "miniprogram",
  "libVersion": "2.10.4",
  "appid": "wxbba48b2d618f3645",
  "projectname": "maicai",
  "simulatorType": "wechat",
  "simulatorPluginLibVersion": {},
  "condition": {
    "miniprogram": {
      "list": [
        {
          "name": "pages/search/index",
          "pathName": "pages/search/index",
          "query": "",
          "scene": null
        },
        {
          "name": "pages/my/index",
          "pathName": "pages/my/index",
          "query": "",
          "scene": null
        },
        {
          "name": "pages/cart/index",
          "pathName": "pages/cart/index",
          "query": "",
          "scene": null
        },
        {
          "name": "pages/classify/index",
          "pathName": "pages/classify/index",
          "query": "",
          "scene": null
        },
        {
          "name": "pages/login/index",
          "pathName": "pages/login/index",
          "query": "",
          "scene": null
        },
        {
          "name": "pages/details/index",
          "pathName": "pages/details/index",
          "query": "id=1157",
          "scene": null
        },
        {
          "name": "pages/login/index",
          "pathName": "pages/login/index",
          "query": "",
          "scene": null
        },
        {
          "name": "pages/register/index",
          "pathName": "pages/register/index",
          "query": "",
          "scene": null
        },
        {
          "name": "pages/reviewOrder/index",
          "pathName": "pages/reviewOrder/index",
          "query": "",
          "scene": null
        },
        {
          "name": "pages/address/index",
          "pathName": "pages/address/index",
          "query": "",
          "scene": null
        },
        {
          "name": "pages/coupon/index",
          "pathName": "pages/coupon/index",
          "query": "",
          "scene": null
        },
        {
          "name": "pages/payStatus/index",
          "pathName": "pages/payStatus/index",
          "query": "",
          "scene": null
        },
        {
          "name": "pages/editAddress/index",
          "pathName": "pages/editAddress/index",
          "query": "",
          "scene": null
        },
        {
          "name": "pages/order/index",
          "pathName": "pages/order/index",
          "query": "",
          "scene": null
        },
        {
          "name": "pages/coupon/index",
          "pathName": "pages/coupon/index",
          "query": "",
          "scene": null
        },
        {
          "name": "pages/orderDetail/index",
          "pathName": "pages/orderDetail/index",
          "query": "orderNo=20200414225014986",
          "scene": null
        },
        {
          "name": "subPages/coupon/newPreson/index",
          "pathName": "subPages/coupon/newPreson/index",
          "query": "",
          "scene": null
        },
        {
          "name": "subPages/service/feedback/index",
          "pathName": "subPages/service/feedback/index",
          "query": "",
          "scene": null
        },
        {
          "name": "subPages/other/points/index",
          "pathName": "subPages/other/points/index",
          "query": "",
          "scene": null
        },
        {
          "name": "subPages/product/evaluate/index",
          "pathName": "subPages/product/evaluate/index",
          "query": "",
          "scene": null
        },
        {
          "name": "subPages/product/userEvaluate/index",
          "pathName": "subPages/product/userEvaluate/index",
          "query": "",
          "scene": null
        },
        {
          "name": "subPages/product/saleList/index",
          "pathName": "subPages/product/saleList/index",
          "query": "",
          "scene": null
        }
      ]
    }
  },
  "editorSetting": {
    "tabIndent": "insertSpaces",
    "tabSize": 2
  }
}