{
  "enablePullDownRefresh": true,
  "navigationBarBackgroundColor": "#3695e3",
  "backgroundColorBottom": "#ffffff",
  "navigationBarTextStyle": "white",
  "usingComponents": {
    "van-icon": "@vant/weapp/icon/index",
    "my-image": "/components/my-image/index",
    "pdt-list": "/components/pdt-list/index",
    "pdt-scroll": "/components/pdt-scroll/index",
    "van-toast": "@vant/weapp/toast/index",
    "van-popup": "@vant/weapp/popup/index",
    "van-button": "@vant/weapp/button/index",
    "van-notice-bar": "@vant/weapp/notice-bar/index",
    "count-down": "/components/count-down/index",
    "van-row": "@vant/weapp/row/index",
    "van-col": "@vant/weapp/col/index",
    "ptd-item": "/components/pdt-item/index"
  }
}