{
  "navigationBarTitleText": "填写订单",
  "usingComponents": {
    "van-button": "@vant/weapp/button/index",
    "van-cell": "@vant/weapp/cell/index",
    "van-cell-group": "@vant/weapp/cell-group/index",
    "van-field": "@vant/weapp/field/index",
    "van-toast": "@vant/weapp/toast/index",
    "van-image": "@vant/weapp/image/index",
    "mp-toptips": "weui-miniprogram/toptips/toptips",
    "van-popup": "@vant/weapp/popup/index",
    "van-loading": "@vant/weapp/loading/index"
  }
}